{
    "rmse": 286.0772367610765,
    "mae": 65.19708433871035,
    "rmse_std": 84.633066122122,
    "mae_std": 7.342094662382947
}